F1,AUC,H-measure,KS_score,Brier_score,Log_loss
0.0,0.5,0.04877812966804218,0.15244268123269467,-0.10591646532923812,-0.36472754209689145
0.0,0.5,0.04543079380070547,0.17678670786845474,-0.1063531379885833,-0.36389081300163006
0.0,0.5,0.04393716852389262,0.17434108316153074,-0.10614131920805392,-0.36570700393852723
0.0,0.5,0.04910769823881611,0.17545855607190836,-0.10573003181683266,-0.3647384725183692
0.0,0.5,0.04257348110540826,0.1521655065738592,-0.10639380524108799,-0.365253855243584
