F1,AUC,H-measure,KS_score,Brier_score,Log_loss
0.25226928895612705,0.5661246764715072,0.04203199244722977,0.15889272640130842,-0.19062803878301038,-0.5656311316576262
0.24188108316469112,0.5705109034114761,0.04730991150418984,0.15965496041516614,-0.19061603051979875,-0.5626356088357801
0.25062240663900415,0.5805121359009727,0.04570865585377848,0.15872187122376413,-0.19210624252660183,-0.5671776750400896
0.2436380339917317,0.5663671507788604,0.04312492832735615,0.15062884755034184,-0.1910436944600205,-0.5668743557094785
0.24905731523378583,0.5746416693465406,0.041996103098417725,0.17401099353012245,-0.19109344564414457,-0.5647267937004372
